aaaaaay,0
aaaages,1
aad,2
aaron,3
aasss,4
aawwwww,5
abby,6
ability,7
able,8
aboard,9
abortionists,10
about,11
above,12
absolute,13
abused,14
acceptin,15
accepting,16
access,17
accomplished,18
accounts,19
acdc,20
achieved,21
achiever,22
acl,23
across,24
act,25
action,26
actual,27
actually,28
add,29
addd,30
adding,31
addition,32
address,33
adios,34
adorable,35
adrienne,36
advantage,37
ae,38
affair,39
aford,40
after,41
afternoon,42
again,43
against,44
age,45
ages,46
agggeezzz,47
aggitated,48
aggressive,49
ago,50
agree,51
ah,52
ahead,53
ahh,54
ahhh,55
ahold,56
aiden,57
aight,58
aiight,59
aim,60
aint,61
air,62
aka,63
alayout,64
alerts,65
alex,66
algebra,67
ali,68
alive,69
all,70
alleria,71
allisoncurboismyidol,72
allowed,73
alls,74
alone,75
along,76
alot,77
aloud,78
alpha,79
already,80
alright,81
alrite,82
also,83
although,84
always,85
alyssa,86
am,87
amanda,88
amazed,89
amazin,90
amazing,91
ambition,92
amen,93
amigo,94
amin,95
amy,96
an,97
ana,98
and,99
andddd,100
andrew,101
andy,102
angle,103
animal,104
anna,105
annie,106
annne,107
annnnnnneeeeee,108
another,109
anthony,110
antonio,111
anxious,112
any,113
anyhow,114
anymore,115
anyone,116
anything,117
anytime,118
anywasy,119
anyway,120
anyways,121
anywayz,122
anywhere,123
anywho,124
anyyywayyss,125
apart,126
apparently,127
applications,128
appreciation,129
april,130
are,131
area,132
arent,133
argos,134
arizona,135
army,136
around,137
arparsedonedigit,138
arse,139
as,140
ashlee,141
ashley,142
ask,143
asked,144
asking,145
asleep,146
asphyxiation,147
ass,148
asshole,149
associated,150
aswell,151
at,152
atavia,153
ater,154
atl,155
atm,156
attend,157
audience,158
auesome,159
august,160
aunt,161
auntie,162
austin,163
auto,164
automaticly,165
av,166
ave,167
avinger,168
aw,169
away,170
awesome,171
awful,172
awhile,173
awsome,174
aww,175
awww,176
ax,177
ay,178
ayah,179
aye,180
bab,181
baba,182
babe,183
babies,184
baby,185
babyshower,186
back,187
backdrop,188
background,189
backround,190
backwards,191
bad,192
bag,193
baily,194
bak,195
bake,196
balcony,197
ball,198
ballin,199
band,200
bands,201
bank,202
bar,203
bargain,204
base,205
basement,206
basic,207
basics,208
basketball,209
bastardo,210
bastards,211
bat,212
battle,213
baz,214
bboy,215
bday,216
be,217
beans,218
beast,219
beat,220
beatch,221
beautifil,222
beautiful,223
beauty,224
became,225
because,226
becky,227
becomes,228
becuz,229
bed,230
bedford,231
beds,232
bedside,233
been,234
beer,235
before,236
bein,237
being,238
beirut,239
belated,240
believ,241
believe,242
belly,243
belong,244
bend,245
bent,246
best,247
bestest,248
bestfriend,249
bet,250
beta,251
betta,252
better,253
betty,254
beyond,255
bff,256
biak,257
biased,258
biatch,259
bible,260
big,261
bigears,262
bigger,263
biggest,264
biggie,265
biiiiaaatch,266
bike,267
bill,268
bin,269
bird,270
birhday,271
birmingham,272
birth,273
birthdaaay,274
birthday,275
bish,276
bit,277
bitch,278
bitchassness,279
bitches,280
bj,281
bk,282
black,283
blackadder,284
blaits,285
blast,286
bled,287
bleeding,288
bless,289
blessed,290
blog,291
blood,292
bloody,293
blow,294
blud,295
blunt,296
blurb,297
board,298
bobby,299
body,300
boi,301
boii,302
bomb,303
bonded,304
boo,305
boobie,306
book,307
boom,308
booooomer,309
bored,310
boredom,311
boring,312
born,313
borrow,314
boss,315
both,316
bother,317
bothered,318
bothhhh,319
bottom,320
bounce,321
bout,322
bow,323
boy,324
boyah,325
boyfriend,326
boys,327
bparsedonedigit,328
brad,329
brah,330
brain,331
brandon,332
braunda,333
bread,334
break,335
brent,336
brii,337
bring,338
brixton,339
bro,340
broken,341
brotha,342
brother,343
brown,344
brudda,345
bruh,346
brynn,347
btw,348
buck,349
bud,350
buddies,351
buddy,352
buffalo,353
buffet,354
bugger,355
buh,356
building,357
bull,358
bullet,359
bulletins,360
bullied,361
bum,362
bumhole,363
bunch,364
bunches,365
burned,366
burning,367
bus,368
busy,369
but,370
butt,371
buttah,372
buttercup,373
buttttttt,374
buy,375
by,376
bye,377
byebye,378
byexxx,379
cafe,380
cage,381
cakes,382
cali,383
call,384
called,385
came,386
cameo,387
camera,388
camp,389
campin,390
can,391
cannot,392
cant,393
cap,394
capital,395
capri,396
car,397
cards,398
care,399
careers,400
carl,401
carlsile,402
carry,403
carrying,404
carson,405
cartoon,406
case,407
casey,408
cashflow,409
cassie,410
castles,411
catch,412
catchin,413
catching,414
catherine,415
catxxxxxx,416
caught,417
cause,418
ceen,419
celebrate,420
celebrating,421
cell,422
cellular,423
centre,424
ceremony,425
certain,426
cha,427
chad,428
chance,429
change,430
changed,431
chaos,432
charge,433
charlie,434
chat,435
check,436
checked,437
checking,438
checks,439
cheeks,440
cheer,441
cheers,442
cherries,443
cherry,444
cherrybomb,445
chic,446
chica,447
chick,448
chicken,449
chicks,450
child,451
children,452
chill,453
chillin,454
chocolate,455
choice,456
choir,457
chop,458
chord,459
chou,460
chris,461
christina,462
christmas,463
chu,464
chuck,465
chuckle,466
cilgrug,467
city,468
cj,469
claps,470
clark,471
clarkyparsedfourdigits,472
class,473
classes,474
clean,475
cleanin,476
clissified,477
close,478
closed,479
clown,480
club,481
cmb,482
cnat,483
cnt,484
co,485
cobbled,486
code,487
colege,488
colin,489
college,490
color,491
com,492
come,493
coment,494
coments,495
comin,496
coming,497
commandments,498
comment,499
commenting,500
comments,501
commetns,502
commets,503
commin,504
comming,505
communique,506
company,507
competition,508
complete,509
completely,510
computer,511
con,512
conclusion,513
concord,514
condoms,515
conference,516
confess,517
confiedent,518
congrats,519
congratulations,520
conner,521
conrad,522
consumed,523
contact,524
controls,525
conveint,526
cooking,527
cool,528
cooperate,529
cope,530
corner,531
cory,532
cos,533
costume,534
couch,535
cough,536
could,537
couldn,538
couldnt,539
count,540
counting,541
country,542
counts,543
couple,544
course,545
cousin,546
cover,547
coveted,548
crab,549
crackin,550
craig,551
crazey,552
crazy,553
credit,554
crew,555
crib,556
crowd,557
cruising,558
crushed,559
cryed,560
cubs,561
cudnt,562
cum,563
cumin,564
curl,565
cus,566
cusp,567
cuss,568
cut,569
cute,570
cutie,571
cutieface,572
cuttiiee,573
cuz,574
cuzins,575
cyber,576
cycling,577
da,578
dad,579
daddy,580
dads,581
daffodils,582
dale,583
dam,584
damn,585
dan,586
dance,587
dancing,588
dandy,589
dangg,590
daniel,591
danny,592
dark,593
darlin,594
darling,595
dat,596
date,597
dates,598
dats,599
daughter,600
dave,601
dawg,602
day,603
days,604
de,605
dead,606
deal,607
dear,608
decide,609
decided,610
dee,611
deep,612
def,613
default,614
deff,615
deffinatley,616
definitely,617
definitly,618
defo,619
defult,620
delta,621
dem,622
deserve,623
desperate,624
details,625
develop,626
developed,627
devin,628
dew,629
dewd,630
dewey,631
dey,632
dick,633
did,634
didn,635
didnt,636
die,637
different,638
digg,639
dinnein,640
dinner,641
dis,642
discipline,643
disco,644
disney,645
dispatch,646
diy,647
dj,648
dnt,649
do,650
dobbie,651
doe,652
doen,653
doent,654
does,655
doesn,656
doesnt,657
dogg,658
doi,659
doin,660
doing,661
dollarsss,662
don,663
doncaster,664
done,665
donna,666
donnie,667
dont,668
doo,669
dooooo,670
door,671
dope,672
dorian,673
doritos,674
dork,675
dorkazoid,676
double,677
dough,678
down,679
drawing,680
dread,681
dreams,682
dress,683
dresser,684
drink,685
drinks,686
driving,687
drop,688
droping,689
droppin,690
dropping,691
drparsedonedigitamparsedonedigiter,692
drppin,693
drums,694
drunk,695
du,696
dude,697
due,698
dui,699
dun,700
during,701
each,702
eachother,703
ear,704
earl,705
earlier,706
early,707
easter,708
easy,709
ed,710
eddie,711
edga,712
edinburgh,713
eee,714
ehhhhhhhhh,715
either,716
elect,717
elissas,718
else,719
email,720
emily,721
emma,722
emmy,723
end,724
engaged,725
england,726
enjoy,727
enjoyin,728
enjoying,729
enlightenment,730
enough,731
ensamble,732
enter,733
enterr,734
entertaining,735
entry,736
epidural,737
erase,738
eric,739
err,740
ese,741
especially,742
esteem,743
etc,744
eternity,745
eva,746
even,747
evening,748
event,749
ever,750
every,751
everybody,752
everybodys,753
everyday,754
everyone,755
everyones,756
everyother,757
everysaturday,758
everything,759
everytime,760
ex,761
exams,762
excellent,763
excited,764
exciting,765
excuses,766
expected,767
exploited,768
expression,769
extra,770
ey,771
eye,772
fa,773
face,774
facebook,775
fag,776
faith,777
faithful,778
fake,779
fall,780
falling,781
fam,782
family,783
fammo,784
fan,785
fancy,786
far,787
farnborough,788
farnham,789
fart,790
fast,791
fat,792
father,793
favor,794
favorite,795
faybe,796
feb,797
federal,798
feel,799
feelin,800
feeling,801
feelings,802
feels,803
felisha,804
ferr,805
fes,806
festival,807
few,808
fight,809
fighting,810
figured,811
filled,812
filling,813
film,814
films,815
final,816
finally,817
finals,818
find,819
finding,820
finds,821
fine,822
fingas,823
finger,824
finished,825
finna,826
fire,827
firend,828
first,829
fish,830
fishy,831
fit,832
fitness,833
fix,834
fixture,835
flash,836
flip,837
flovarful,838
fo,839
foo,840
food,841
fool,842
foolish,843
foosho,844
football,845
for,846
forefathers,847
forever,848
forget,849
forgive,850
forgot,851
form,852
forms,853
forth,854
fortunate,855
forward,856
found,857
four,858
frantically,859
frat,860
freak,861
freakin,862
freaks,863
fred,864
freddie,865
free,866
freedom,867
freezes,868
freshman,869
friday,870
fried,871
friend,872
friends,873
friendz,874
fries,875
friggin,876
frm,877
fro,878
from,879
fs,880
fuck,881
fucka,882
fucked,883
fucker,884
fuckin,885
fucking,886
fucknuts,887
full,888
fullest,889
fun,890
funn,891
funner,892
funniest,893
funny,894
fwend,895
gaaabage,896
gabbi,897
game,898
games,899
gard,900
garden,901
gave,902
gaw,903
gay,904
gd,905
gem,906
general,907
generosity,908
geog,909
georgia,910
get,911
getin,912
gets,913
gettin,914
getting,915
gf,916
ggiltf,917
gh,918
ghettopatsy,919
ghost,920
giants,921
gift,922
gig,923
giggle,924
gimme,925
gimp,926
girl,927
girlie,928
girls,929
girly,930
girrrllllllllll,931
give,932
given,933
giving,934
givng,935
glad,936
glade,937
glasgow,938
glass,939
go,940
god,941
gods,942
goes,943
gohh,944
goin,945
going,946
golden,947
gone,948
gonna,949
goober,950
good,951
goodbye,952
goofyass,953
goood,954
gooody,955
goose,956
gorgo,957
got,958
gothic,959
gots,960
gotsta,961
gotta,962
gotten,963
gparsedonedigitiing,964
grab,965
grabbing,966
gracin,967
graduate,968
graduated,969
gramma,970
grandpa,971
grateful,972
grats,973
grease,974
great,975
greatest,976
green,977
greg,978
groovy,979
ground,980
grow,981
grreegg,982
gsi,983
guam,984
gud,985
guess,986
guide,987
gulps,988
gum,989
gun,990
guna,991
gunna,992
guns,993
gurl,994
gurlie,995
gurrintees,996
guy,997
guys,998
ha,999
hack,1000
had,1001
hadn,1002
hafta,1003
hah,1004
haha,1005
hahah,1006
hahaha,1007
hahahaha,1008
hahahahahah,1009
hahahahahaha,1010
hahahahahahahah,1011
hair,1012
half,1013
hall,1014
halloween,1015
hallways,1016
ham,1017
hammond,1018
hand,1019
handles,1020
hands,1021
handsome,1022
hang,1023
hangin,1024
hanging,1025
hangout,1026
hannahs,1027
hans,1028
happen,1029
happend,1030
happened,1031
happening,1032
happennin,1033
happier,1034
happiness,1035
happppest,1036
happy,1037
hard,1038
hardcore,1039
harrassing,1040
harry,1041
has,1042
hasta,1043
hat,1044
hate,1045
hater,1046
hauz,1047
hav,1048
have,1049
haven,1050
havent,1051
havin,1052
having,1053
havnt,1054
hax,1055
hayfever,1056
hd,1057
he,1058
head,1059
headline,1060
hear,1061
heard,1062
hearing,1063
heart,1064
hearts,1065
heavan,1066
heck,1067
hector,1068
heeey,1069
hehe,1070
heheh,1071
hehehe,1072
height,1073
hell,1074
hello,1075
helloooooooo,1076
helmet,1077
helo,1078
help,1079
helped,1080
henna,1081
her,1082
herd,1083
here,1084
hereeeeeee,1085
hero,1086
herself,1087
hey,1088
heyahh,1089
heyy,1090
hhheeeellllllooooooooo,1091
hhhhhiiiiiiiiiiii,1092
hi,1093
hidin,1094
high,1095
highly,1096
hii,1097
hiiii,1098
hillbilly,1099
him,1100
his,1101
history,1102
hit,1103
hittin,1104
hiya,1105
hmm,1106
hmmmm,1107
hoe,1108
hol,1109
hold,1110
hole,1111
holiday,1112
holidays,1113
holla,1114
holly,1115
hols,1116
hom,1117
home,1118
homeslice,1119
homework,1120
homey,1121
homie,1122
homies,1123
homo,1124
homw,1125
honestly,1126
honey,1127
honour,1128
honoured,1129
hoo,1130
hooked,1131
hooker,1132
hooters,1133
hope,1134
hopefully,1135
hopes,1136
hoping,1137
horror,1138
hot,1139
hotmail,1140
hott,1141
hottest,1142
hottie,1143
hour,1144
hours,1145
house,1146
how,1147
hows,1148
howz,1149
hparsedonedigitpparseddigits,1150
htown,1151
hudson,1152
huey,1153
hug,1154
huggz,1155
hugo,1156
hugs,1157
huh,1158
humbled,1159
hump,1160
hun,1161
hundreds,1162
hungary,1163
hungover,1164
hunny,1165
hunting,1166
hurry,1167
hurt,1168
hurts,1169
hye,1170
ibiza,1171
ice,1172
id,1173
idea,1174
idk,1175
if,1176
ight,1177
ii,1178
il,1179
ill,1180
ily,1181
im,1182
ima,1183
impatient,1184
impressive,1185
in,1186
ina,1187
inappropriate,1188
incase,1189
inches,1190
incredible,1191
indeed,1192
indian,1193
induced,1194
infamous,1195
infinity,1196
info,1197
ink,1198
inn,1199
inner,1200
insecurities,1201
inside,1202
instead,1203
intense,1204
interested,1205
internet,1206
interrested,1207
into,1208
intresting,1209
invading,1210
invitation,1211
invite,1212
invited,1213
involved,1214
is,1215
isac,1216
ish,1217
island,1218
isn,1219
isnt,1220
it,1221
its,1222
itself,1223
itt,1224
iv,1225
ive,1226
iwas,1227
jacenia,1228
jackal,1229
jacksonville,1230
jacob,1231
jaden,1232
jadens,1233
jah,1234
jail,1235
james,1236
janine,1237
janinesiu,1238
janling,1239
jazzy,1240
jello,1241
jen,1242
jennifer,1243
jersy,1244
jerz,1245
jess,1246
jessica,1247
jesss,1248
jewelry,1249
jigbooey,1250
jim,1251
jimmy,1252
jk,1253
job,1254
joe,1255
joelle,1256
jog,1257
john,1258
johnathon,1259
join,1260
joined,1261
joining,1262
joke,1263
jokes,1264
jokin,1265
jon,1266
jonny,1267
josh,1268
josiah,1269
journey,1270
joy,1271
jp,1272
judgments,1273
juice,1274
julie,1275
july,1276
jundo,1277
june,1278
junk,1279
jus,1280
juss,1281
just,1282
justifiable,1283
justin,1284
jux,1285
kaitlyn,1286
kandyland,1287
kate,1288
keep,1289
keepin,1290
keeping,1291
kellen,1292
kelley,1293
kels,1294
ken,1295
kenny,1296
keshia,1297
kett,1298
kevin,1299
keychain,1300
kick,1301
kickin,1302
kicks,1303
kid,1304
kidd,1305
kiddin,1306
kidding,1307
kidney,1308
kids,1309
kieron,1310
kill,1311
killed,1312
killer,1313
killers,1314
kiln,1315
kim,1316
kind,1317
kinda,1318
king,1319
kisses,1320
kitchen,1321
kitties,1322
kizzy,1323
klink,1324
klinkenberg,1325
knew,1326
kno,1327
knoe,1328
knopfler,1329
know,1330
knowing,1331
knows,1332
knw,1333
kokua,1334
kong,1335
konntz,1336
kool,1337
krakkking,1338
kris,1339
kristin,1340
krys,1341
kuala,1342
kwm,1343
la,1344
laa,1345
labrynthitus,1346
lad,1347
ladie,1348
lady,1349
ladyrose,1350
lame,1351
lamin,1352
lan,1353
landed,1354
laos,1355
last,1356
lata,1357
late,1358
lately,1359
later,1360
laters,1361
laterz,1362
lates,1363
latest,1364
latez,1365
laugh,1366
laughed,1367
laughing,1368
law,1369
lawrence,1370
lax,1371
layel,1372
layout,1373
laziness,1374
lazy,1375
lbgp,1376
leaderboard,1377
leadership,1378
leah,1379
leann,1380
learn,1381
learning,1382
least,1383
leave,1384
leavin,1385
leaving,1386
lectures,1387
lee,1388
left,1389
legend,1390
legs,1391
let,1392
lets,1393
letter,1394
letting,1395
liable,1396
liars,1397
lick,1398
lies,1399
life,1400
light,1401
like,1402
liked,1403
lil,1404
lily,1405
limbernuts,1406
lisa,1407
liss,1408
list,1409
listen,1410
listenin,1411
listin,1412
literally,1413
little,1414
live,1415
lived,1416
lives,1417
living,1418
ll,1419
llama,1420
llllooooooogggggaaaaaannnn,1421
lmao,1422
loads,1423
locker,1424
log,1425
logan,1426
lol,1427
lolol,1428
london,1429
long,1430
longer,1431
look,1432
looked,1433
looking,1434
looks,1435
lord,1436
lose,1437
loser,1438
loserific,1439
losers,1440
lost,1441
lot,1442
lots,1443
lottery,1444
loud,1445
louis,1446
lounge,1447
lovce,1448
love,1449
loved,1450
lovee,1451
lovely,1452
lover,1453
loves,1454
lovesz,1455
loveuu,1456
lovin,1457
loving,1458
lparsedonedigitl,1459
lt,1460
luck,1461
luckily,1462
lucky,1463
luke,1464
lumpur,1465
luv,1466
ma,1467
mad,1468
madden,1469
made,1470
madmen,1471
magazine,1472
maggie,1473
magic,1474
mah,1475
maine,1476
mainly,1477
majorly,1478
make,1479
makeing,1480
makes,1481
making,1482
mall,1483
malt,1484
mama,1485
mamores,1486
man,1487
managed,1488
management,1489
manhahahhaahaha,1490
many,1491
marathon,1492
marc,1493
march,1494
marco,1495
margie,1496
maribel,1497
mark,1498
married,1499
marry,1500
martin,1501
martine,1502
maryville,1503
mas,1504
mate,1505
mates,1506
matey,1507
matt,1508
matter,1509
maureen,1510
mawmaw,1511
may,1512
maybe,1513
mayne,1514
mc,1515
me,1516
meals,1517
mean,1518
means,1519
meditate,1520
meet,1521
megan,1522
mei,1523
mel,1524
melanie,1525
melissa,1526
member,1527
men,1528
mental,1529
mentally,1530
mention,1531
mentioning,1532
merci,1533
meridiem,1534
merry,1535
merwin,1536
mess,1537
message,1538
messaged,1539
messaging,1540
met,1541
metal,1542
metel,1543
mets,1544
mex,1545
mi,1546
michelle,1547
michigan,1548
micro,1549
mid,1550
might,1551
mike,1552
mikey,1553
miles,1554
min,1555
mind,1556
mine,1557
mins,1558
minus,1559
minute,1560
minutes,1561
miserable,1562
misery,1563
miss,1564
missed,1565
missing,1566
mission,1567
mississippi,1568
missouri,1569
missus,1570
mizz,1571
mizzouri,1572
mmmm,1573
mo,1574
modeling,1575
mom,1576
moment,1577
mommyhood,1578
mon,1579
monday,1580
money,1581
monica,1582
monique,1583
monster,1584
month,1585
months,1586
more,1587
morning,1588
most,1589
mostly,1590
mother,1591
mouth,1592
move,1593
moved,1594
movie,1595
movies,1596
movin,1597
moving,1598
mp,1599
mpact,1600
mr,1601
mrs,1602
ms,1603
msn,1604
muah,1605
much,1606
muchoo,1607
muchos,1608
multiculturalism,1609
mum,1610
mums,1611
munchin,1612
mundelein,1613
muscles,1614
music,1615
must,1616
mutha,1617
mwah,1618
mwahaha,1619
mwahahahaha,1620
mwahz,1621
my,1622
mysapce,1623
myself,1624
myspace,1625
myspae,1626
myyspaceeee,1627
na,1628
nag,1629
nah,1630
name,1631
names,1632
nap,1633
nashville,1634
nasty,1635
nate,1636
nation,1637
natural,1638
naturally,1639
nature,1640
navid,1641
navy,1642
naw,1643
nd,1644
ne,1645
near,1646
nearly,1647
neck,1648
need,1649
needa,1650
needed,1651
needs,1652
needy,1653
neglected,1654
neighbours,1655
neil,1656
nell,1657
nerve,1658
nething,1659
neva,1660
never,1661
new,1662
newcastle,1663
news,1664
next,1665
neye,1666
nia,1667
nice,1668
nick,1669
nie,1670
nig,1671
nigga,1672
niggy,1673
night,1674
nights,1675
niiiice,1676
nina,1677
no,1678
nobody,1679
noodle,1680
noon,1681
nope,1682
norm,1683
north,1684
noses,1685
not,1686
nothin,1687
nothing,1688
notified,1689
november,1690
now,1691
nplus,1692
nttn,1693
nuffffink,1694
nufink,1695
nul,1696
numbah,1697
number,1698
nutting,1699
oceana,1700
oct,1701
odd,1702
of,1703
off,1704
offend,1705
offense,1706
official,1707
officially,1708
offie,1709
often,1710
oh,1711
ohh,1712
ohio,1713
oic,1714
ok,1715
okay,1716
old,1717
older,1718
ole,1719
olives,1720
oltl,1721
omg,1722
on,1723
once,1724
one,1725
ones,1726
online,1727
only,1728
onyx,1729
ooo,1730
oooohhhhhhh,1731
open,1732
opening,1733
opposites,1734
or,1735
orange,1736
organic,1737
original,1738
orly,1739
otay,1740
other,1741
otherwise,1742
our,1743
ourselves,1744
out,1745
outlawed,1746
outrage,1747
over,1748
overlap,1749
owen,1750
own,1751
owned,1752
owner,1753
ox,1754
oxooxoxooxoxoxox,1755
pacific,1756
pack,1757
package,1758
packet,1759
page,1760
paige,1761
pal,1762
papa,1763
paper,1764
paradise,1765
parents,1766
park,1767
parkside,1768
parpxxx,1769
parseddigits,1770
parsedfourdigits,1771
parsedonedigit,1772
parsedonedigitdays,1773
parsedonedigitget,1774
parsedonedigithour,1775
parsedonedigitlb,1776
parsedonedigitme,1777
parsedonedigitmz,1778
parsedonedigitnd,1779
parsedonedigitoth,1780
parsedonedigitst,1781
parsedonedigitth,1782
parsedthreedigits,1783
parsedthreedigitsr,1784
parsedtime,1785
parsedtwodigits,1786
parsedtwodigitsth,1787
part,1788
partay,1789
particular,1790
partner,1791
party,1792
pass,1793
passin,1794
passing,1795
passy,1796
past,1797
pay,1798
paybacks,1799
pea,1800
peace,1801
peahead,1802
peas,1803
peeps,1804
pention,1805
people,1806
peoples,1807
permanent,1808
perrrrty,1809
person,1810
personalised,1811
personally,1812
peterrrr,1813
peyton,1814
pge,1815
phone,1816
photo,1817
photoshop,1818
physical,1819
pic,1820
pick,1821
picnic,1822
picnick,1823
pics,1824
picture,1825
pictures,1826
picz,1827
pie,1828
piece,1829
pierce,1830
pik,1831
pillow,1832
pimp,1833
pink,1834
pirates,1835
pissed,1836
pissing,1837
pix,1838
pizza,1839
place,1840
placed,1841
plan,1842
plans,1843
play,1844
played,1845
playin,1846
playing,1847
plea,1848
please,1849
pleeez,1850
pluralism,1851
plus,1852
plz,1853
plzz,1854
pointed,1855
points,1856
pole,1857
poles,1858
polite,1859
political,1860
polluted,1861
poor,1862
poped,1863
popped,1864
poppin,1865
popssss,1866
pornography,1867
possessions,1868
possibility,1869
possible,1870
post,1871
postcards,1872
posted,1873
posting,1874
potter,1875
pounds,1876
power,1877
ppl,1878
practice,1879
prayers,1880
praying,1881
precise,1882
pregnancy,1883
pregnant,1884
prepared,1885
prescious,1886
present,1887
preservation,1888
pressure,1889
pretend,1890
pretty,1891
prima,1892
primo,1893
pringles,1894
printing,1895
prinze,1896
pro,1897
prob,1898
probable,1899
probably,1900
problem,1901
problems,1902
probs,1903
profanity,1904
profile,1905
program,1906
prohibited,1907
promise,1908
proud,1909
ps,1910
psssssssssssssst,1911
psssst,1912
psych,1913
pub,1914
public,1915
puff,1916
pulled,1917
pumba,1918
punk,1919
puppy,1920
purple,1921
purpose,1922
pursuite,1923
pussy,1924
puszi,1925
put,1926
putting,1927
qhat,1928
quad,1929
quads,1930
que,1931
queen,1932
question,1933
quickie,1934
quit,1935
quite,1936
quote,1937
quuaddd,1938
quyen,1939
race,1940
rach,1941
rachel,1942
rad,1943
railing,1944
random,1945
randy,1946
rap,1947
rat,1948
rather,1949
ratm,1950
ravioli,1951
rawk,1952
re,1953
reach,1954
read,1955
ready,1956
real,1957
realize,1958
realized,1959
really,1960
reason,1961
reasons,1962
recall,1963
recently,1964
reception,1965
recites,1966
record,1967
rectally,1968
red,1969
reede,1970
regret,1971
reigns,1972
rela,1973
relax,1974
release,1975
reli,1976
remember,1977
reminded,1978
renji,1979
rents,1980
rep,1981
replace,1982
reply,1983
request,1984
requesting,1985
requests,1986
respect,1987
respond,1988
response,1989
responsibility,1990
rest,1991
retarded,1992
retro,1993
return,1994
returnin,1995
reunion,1996
rewarded,1997
rhode,1998
rib,1999
rich,2000
ricky,2001
rid,2002
ride,2003
rides,2004
ridiculed,2005
right,2006
rights,2007
ring,2008
rink,2009
rite,2010
river,2011
rn,2012
roam,2013
rob,2014
robbie,2015
robotic,2016
rock,2017
rocks,2018
roids,2019
romantic,2020
roof,2021
room,2022
roomie,2023
roommate,2024
rooms,2025
root,2026
rooting,2027
routine,2028
row,2029
ru,2030
rubbish,2031
ruby,2032
rule,2033
run,2034
running,2035
ryan,2036
sad,2037
safe,2038
said,2039
sam,2040
samantha,2041
same,2042
sammi,2043
sammy,2044
san,2045
sarah,2046
sat,2047
saturday,2048
satyr,2049
save,2050
saved,2051
savvy,2052
saw,2053
say,2054
saying,2055
says,2056
scaner,2057
scare,2058
scareyin,2059
scarriest,2060
scary,2061
scene,2062
schedual,2063
schmello,2064
school,2065
scooby,2066
scoop,2067
score,2068
screwedd,2069
scripture,2070
sea,2071
sean,2072
search,2073
seattle,2074
secrets,2075
sed,2076
see,2077
seein,2078
seeing,2079
seemed,2080
seems,2081
seen,2082
self,2083
send,2084
sendin,2085
senior,2086
senor,2087
sense,2088
sent,2089
sept,2090
series,2091
serious,2092
seriously,2093
set,2094
seth,2095
settlin,2096
seven,2097
several,2098
sex,2099
sexi,2100
sexy,2101
shame,2102
shana,2103
shank,2104
shaquanna,2105
she,2106
shelby,2107
shes,2108
shift,2109
shin,2110
shirts,2111
shit,2112
shlong,2113
sho,2114
shock,2115
shoes,2116
shoping,2117
shopping,2118
shorty,2119
shot,2120
shots,2121
should,2122
shouldn,2123
shout,2124
shove,2125
show,2126
showed,2127
showin,2128
showing,2129
shows,2130
shud,2131
shut,2132
shy,2133
shyt,2134
sick,2135
sierra,2136
sign,2137
signed,2138
sike,2139
silence,2140
silent,2141
silly,2142
silver,2143
silvy,2144
simon,2145
simply,2146
since,2147
singing,2148
sir,2149
sis,2150
sista,2151
sister,2152
sisters,2153
sit,2154
site,2155
sitter,2156
sitting,2157
siu,2158
six,2159
ski,2160
skillet,2161
skip,2162
skool,2163
skull,2164
sky,2165
sleep,2166
sleeping,2167
slice,2168
slide,2169
sloppy,2170
slowly,2171
small,2172
smeagsters,2173
smell,2174
smile,2175
smiled,2176
smiles,2177
smoke,2178
smurfday,2179
sndays,2180
snowboard,2181
so,2182
soap,2183
soft,2184
softball,2185
soldiers,2186
solo,2187
some,2188
somebody,2189
somemore,2190
someone,2191
somethin,2192
something,2193
sometime,2194
son,2195
song,2196
songs,2197
sons,2198
soo,2199
soon,2200
sooner,2201
sooo,2202
soooo,2203
soooonnsss,2204
soooooooooo,2205
soooooooooooo,2206
sooooooooooooo,2207
sophie,2208
sorri,2209
sorry,2210
sort,2211
sosososososososososososososossosososossososososososososososooooooooooooooooooooooooooooooooo,2212
soul,2213
soulja,2214
sounds,2215
sox,2216
space,2217
spam,2218
spamming,2219
sparsedonedigit,2220
speaking,2221
specail,2222
special,2223
specific,2224
speek,2225
spelled,2226
spent,2227
spinning,2228
spk,2229
spoke,2230
spoken,2231
spot,2232
spread,2233
spreading,2234
spring,2235
springfield,2236
sprinkler,2237
spun,2238
stace,2239
staff,2240
stairs,2241
stak,2242
stand,2243
starrrr,2244
stars,2245
start,2246
starting,2247
starved,2248
state,2249
states,2250
stay,2251
stayin,2252
staying,2253
stealing,2254
stephanie,2255
steve,2256
steven,2257
stick,2258
stickyland,2259
stil,2260
still,2261
stoked,2262
stole,2263
stop,2264
stoping,2265
stoppin,2266
stopping,2267
straight,2268
stranger,2269
streatham,2270
streets,2271
strong,2272
study,2273
stuff,2274
stupid,2275
style,2276
subjects,2277
subscribe,2278
subscribed,2279
success,2280
such,2281
sucked,2282
sucking,2283
sucks,2284
suk,2285
sum,2286
summer,2287
summit,2288
summmerr,2289
sumthin,2290
sun,2291
sunday,2292
sundays,2293
sunshine,2294
sup,2295
super,2296
support,2297
supposah,2298
supposed,2299
supremelyyyyyyyyyyy,2300
sure,2301
surfer,2302
surfing,2303
surr,2304
swee,2305
sweeet,2306
sweet,2307
sweetie,2308
swimmin,2309
sympathetic,2310
ta,2311
tad,2312
take,2313
taken,2314
takes,2315
talk,2316
talked,2317
talkin,2318
tanishas,2319
tanya,2320
tape,2321
tapes,2322
tara,2323
tastic,2324
taught,2325
taurus,2326
tay,2327
tbh,2328
teach,2329
teacher,2330
team,2331
tech,2332
techz,2333
teh,2334
telemundo,2335
tell,2336
telling,2337
ten,2338
terri,2339
terrible,2340
terrorstorm,2341
test,2342
texas,2343
text,2344
th,2345
tha,2346
than,2347
thank,2348
thanks,2349
thanksgiving,2350
thanx,2351
that,2352
thatd,2353
thats,2354
the,2355
their,2356
them,2357
theme,2358
then,2359
therapists,2360
there,2361
theres,2362
these,2363
they,2364
thi,2365
thing,2366
things,2367
think,2368
thinkin,2369
thinking,2370
thinks,2371
this,2372
thnax,2373
thnks,2374
thnx,2375
thnxs,2376
tho,2377
those,2378
though,2379
thought,2380
three,2381
throat,2382
through,2383
throw,2384
throwing,2385
throwup,2386
thru,2387
thuggin,2388
thunderstorm,2389
thunderstorms,2390
thurs,2391
thursday,2392
thx,2393
tia,2394
tickets,2395
tiffany,2396
tiffy,2397
til,2398
till,2399
tim,2400
time,2401
times,2402
timon,2403
tired,2404
tisha,2405
tiz,2406
to,2407
today,2408
together,2409
togther,2410
told,2411
tom,2412
tomarow,2413
tommorow,2414
tomorrow,2415
tongue,2416
tongues,2417
tonight,2418
tonite,2419
tons,2420
tony,2421
too,2422
took,2423
tooo,2424
top,2425
tops,2426
tornadoes,2427
tortilla,2428
total,2429
totally,2430
totem,2431
touch,2432
towards,2433
town,2434
toys,2435
traci,2436
tranquilizer,2437
trash,2438
trashed,2439
trauma,2440
treatin,2441
treating,2442
tres,2443
trey,2444
trhe,2445
trick,2446
tricks,2447
tried,2448
tring,2449
trish,2450
trouble,2451
truck,2452
true,2453
truth,2454
try,2455
tryin,2456
trying,2457
tryna,2458
ts,2459
ttfn,2460
ttul,2461
ttyl,2462
ttys,2463
tues,2464
turkey,2465
turn,2466
turnout,2467
tv,2468
twankie,2469
twat,2470
twin,2471
twirled,2472
twist,2473
two,2474
tyler,2475
tyme,2476
types,2477
ugly,2478
uhhh,2479
uk,2480
um,2481
umm,2482
ummm,2483
ummmm,2484
un,2485
unaware,2486
unborn,2487
uncle,2488
under,2489
underberg,2490
understood,2491
uni,2492
unicorn,2493
university,2494
until,2495
unwed,2496
up,2497
updated,2498
uploaded,2499
upparsedonedigit,2500
ur,2501
urban,2502
urself,2503
ursuline,2504
us,2505
usa,2506
usall,2507
use,2508
used,2509
useful,2510
usual,2511
usually,2512
uuu,2513
valentines,2514
values,2515
vampires,2516
varsity,2517
ve,2518
vegas,2519
verson,2520
very,2521
vic,2522
vice,2523
vicky,2524
victims,2525
video,2526
village,2527
villn,2528
violates,2529
vision,2530
visit,2531
visting,2532
volleyball,2533
vote,2534
votes,2535
wag,2536
wait,2537
waiting,2538
waking,2539
walk,2540
walked,2541
walks,2542
walmart,2543
wana,2544
waned,2545
wanking,2546
wanna,2547
want,2548
wanted,2549
war,2550
ward,2551
warranty,2552
warwick,2553
was,2554
wasn,2555
wassssup,2556
wassup,2557
wat,2558
watch,2559
watched,2560
watchin,2561
watching,2562
water,2563
wats,2564
watson,2565
watup,2566
watz,2567
waves,2568
way,2569
ways,2570
waz,2571
wazz,2572
wb,2573
we,2574
wean,2575
wear,2576
web,2577
website,2578
wed,2579
wedding,2580
wednesday,2581
wee,2582
week,2583
weekend,2584
weeks,2585
weird,2586
wel,2587
welcome,2588
welfare,2589
well,2590
welp,2591
wen,2592
went,2593
were,2594
wet,2595
whas,2596
what,2597
whatd,2598
whatever,2599
whats,2600
whatsup,2601
when,2602
whenever,2603
where,2604
whether,2605
whew,2606
whhat,2607
which,2608
while,2609
whistles,2610
white,2611
who,2612
whoa,2613
whole,2614
whoopin,2615
whos,2616
whts,2617
why,2618
wi,2619
width,2620
wieght,2621
wierd,2622
wies,2623
wife,2624
wig,2625
will,2626
win,2627
winding,2628
windmill,2629
window,2630
wink,2631
wins,2632
wish,2633
wishes,2634
wit,2635
witchcraft,2636
with,2637
without,2638
wittyness,2639
wk,2640
wkends,2641
wnt,2642
woah,2643
woman,2644
women,2645
won,2646
wonderful,2647
wont,2648
woo,2649
woohoo,2650
wooo,2651
woop,2652
word,2653
words,2654
work,2655
working,2656
works,2657
world,2658
worried,2659
worry,2660
worshiped,2661
wot,2662
would,2663
wouldn,2664
wow,2665
write,2666
wrong,2667
wrote,2668
wubuparsedonedigit,2669
wud,2670
wus,2671
wut,2672
wuts,2673
wutss,2674
wutsup,2675
wuz,2676
www,2677
xmas,2678
xo,2679
xoxo,2680
xoxox,2681
xoxoxo,2682
xoxoxoxoxox,2683
xx,2684
xxx,2685
xxxoxoxo,2686
xxxx,2687
xxxxx,2688
xxxxxxx,2689
xxxxxxxxxxxx,2690
xxxxxxxxxxxxx,2691
xxxxxxxxxxxxxxxxxxxxxxxxxxxxxxxxxxx,2692
ya,2693
yah,2694
yall,2695
yankees,2696
yanks,2697
yay,2698
yea,2699
yeaaaaaaaaaaaaa,2700
yeaaaaaaaaah,2701
yeah,2702
yeahh,2703
year,2704
years,2705
yeayea,2706
yeh,2707
yep,2708
yes,2709
yesterday,2710
yet,2711
yew,2712
yo,2713
yooo,2714
yooooooooo,2715
you,2716
youd,2717
young,2718
your,2719
yours,2720
yourself,2721
yous,2722
youu,2723
yuh,2724
yup,2725
yur,2726
yuu,2727
zack,2728
zermey,2729
zoink,2730
zomg,2731
zsuzsi,2732
